<?xml version="1.0" encoding="UTF-8"?>
<beans xmlns="http://www.springframework.org/schema/beans"
	xmlns:xsi="http://www.w3.org/2001/XMLSchema-instance"
	xmlns:context="http://www.springframework.org/schema/context"
	xsi:schemaLocation=
	"http://www.springframework.org/schema/beans 
	http://www.springframework.org/schema/beans/spring-beans.xsd
		http://www.springframework.org/schema/context 
		http://www.springframework.org/schema/context/spring-context.xsd">
	
	<bean id="propertyConfigurer" class="org.jasypt.spring31.properties.EncryptablePropertyPlaceholderConfigurer">
		<constructor-arg ref="configurationEncryptor" />
		<property name="locations">
			<list>
				<value>classpath:/database/jdbc.properties</value>
			</list>
		</property>
	</bean>
	
	<bean id="environmentVariableConfiguration" class="org.jasypt.encryption.pbe.config.EnvironmentStringPBEConfig">
		<property name="algorithm" value="PBEWithMD5AndDES" />
		<property name="passwordEnvName" value="APP_ENCRYPTION_PASSWORD" />
	</bean>
	
	<bean id = "configurationEncryptor" class="org.jasypt.encryption.pbe.StandardPBEStringEncryptor">
		<property name = "config" ref="environmentVariableConfiguration" />
		<property name = "password" value="shkimzebra"  />
	</bean>
<!-- 	<context:property-placeholder location="classpath:database/jdbc.properties"/>
	
	<bean id="dataSource" class="org.apache.commons.dbcp.BasicDataSource">
		<property name="driverClassName" value="${jdbc.driverClassName}"/>
		<property name="url" value="${jdbc.url}"/>
		<property name="username" value="${jdbc.username}"/>
		<property name="password" value="${jdbc.password}"/>
	</bean>
	
	<bean id="jdbc.Template" class="org.springframework.jdbc.core.JdbcTemplate">
		<property name="dataSource" ref="dataSource"/>
	</bean>
	
	<context:component-scan base-package="com.javaEdu.myapp.hr"/> -->

</beans>
