<?xml version="1.0" encoding="UTF-8"?>
<beans xmlns="http://www.springframework.org/schema/beans"
	xmlns:xsi="http://www.w3.org/2001/XMLSchema-instance"
	xmlns:context="http://www.springframework.org/schema/context"
	xmlns:mybatis-spring="http://mybatis.org/schema/mybatis-spring"
	xsi:schemaLocation="http://mybatis.org/schema/mybatis-spring 
	http://mybatis.org/schema/mybatis-spring.xsd
	http://www.springframework.org/schema/beans 
	http://www.springframework.org/schema/beans/spring-beans.xsd
		http://www.springframework.org/schema/context 
		http://www.springframework.org/schema/context/spring-context.xsd">
	
	
	<context:property-placeholder location="classpath:database/jdbc.properties"/>
	
		<bean id="dataSource" class="org.apache.commons.dbcp.BasicDataSource">
		<property name="driverClassName" value="oracle.jdbc.driver.OracleDriver"/>
		<property name="url" value="${jdbc.url}"/>
		<property name="username" value="hr"/>
		<property name="password" value="hr"/>
	</bean>
	
		<bean id="sqlSessionFactory" class="org.mybatis.spring.SqlSessionFactoryBean">
		<property name="dataSource" ref="dataSource"/>
		<property name = "mapperLocations" value="classpath:com/javaEdu/myapp/**/*.xml"/>
	</bean>
	
	<context:component-scan base-package="com.javaEdu.myapp.hr"/>

	<mybatis-spring:scan base-package="com.javaEdu.myapp.hr.dao" />
	
</beans>
