<?xml version="1.0" encoding="UTF-8"?>
<beans xmlns="http://www.springframework.org/schema/beans"
	xmlns:xsi="http://www.w3.org/2001/XMLSchema-instance"
	xmlns:aop="http://www.springframework.org/schema/aop"
	xmlns:context="http://www.springframework.org/schema/context"
	xsi:schemaLocation="http://www.springframework.org/schema/beans http://www.springframework.org/schema/beans/spring-beans.xsd
		http://www.springframework.org/schema/aop http://www.springframework.org/schema/aop/spring-aop-4.3.xsd
		http://www.springframework.org/schema/context http://www.springframework.org/schema/context/spring-context-4.3.xsd">

	<context:component-scan base-package="com.javaEdu.myapp.hello"></context:component-scan>
	
	<bean id = "helloLog" class="com.javaEdu.myapp.util.HelloLog"/>
	<bean id="performanceAspect" class="com.javaEdu.myapp.hello.aop.PerformanceAspect"/>
	<aop:config>
		<aop:pointcut id="hello" expression="execution(* com.javaEdu.HelloService.sayHello(..))"/>
		<aop:aspect ref="helloLog">
			<aop:before pointcut-ref="hello" method="log"/>
		</aop:aspect>
		
		<aop:aspect ref="performanceAspect">
			<aop:around pointcut-ref="hello" method="trace"/>
		</aop:aspect>
	</aop:config>
</beans>
